Date,Visitor,Visitor Score,Home Team,Home Score,Line,Total Line
09/04/2014,Green Bay Packers,16,Seattle Seahawks,36,5.5,46.5
09/07/2014,New Orleans Saints,34,Atlanta Falcons,37,-3,52
09/07/2014,Minnesota Vikings,34,St Louis Rams,6,3,43
09/07/2014,Cleveland Browns,27,Pittsburgh Steelers,30,6.5,41
09/07/2014,Jacksonville Jaguars,17,Philadelphia Eagles,34,10.5,51.5
09/07/2014,Oakland Raiders,14,New York Jets,19,5,40.5
09/07/2014,Cincinnati Bengals,23,Baltimore Ravens,16,1.5,42.5
09/07/2014,Buffalo Bills,23,Chicago Bears,20,6.5,47
09/07/2014,Washington Redskins,6,Houston Texans,17,3,44.5
09/07/2014,Tennessee Titans,26,Kansas City Chiefs,10,3,44
09/07/2014,New England Patriots,20,Miami Dolphins,33,-4,46.5
09/07/2014,Carolina Panthers,20,Tampa Bay Buccaneers,14,3,37.5
09/07/2014,San Francisco 49ers,28,Dallas Cowboys,17,-3.5,51
09/07/2014,Indianapolis Colts,24,Denver Broncos,31,7.5,55
09/08/2014,New York Giants,14,Detroit Lions,35,6.5,47
09/08/2014,San Diego Chargers,17,Arizona Cardinals,18,3,47
09/11/2014,Pittsburgh Steelers,,Baltimore Ravens,,3,43.5
09/14/2014,Detroit Lions,,Carolina Panthers,,3,43.5
09/14/2014,Miami Dolphins,,Buffalo Bills,,1,43.5
09/14/2014,Jacksonville Jaguars,,Washington Redskins,,5.5,43
09/14/2014,Dallas Cowboys,,Tennessee Titans,,3.5,48
09/14/2014,Arizona Cardinals,,New York Giants,,2,45
09/14/2014,New England Patriots,,Minnesota Vikings,,-3,49
09/14/2014,New Orleans Saints,,Cleveland Browns,,-6,47.5
09/14/2014,Atlanta Falcons,,Cincinnati Bengals,,4,48
09/14/2014,St Louis Rams,,Tampa Bay Buccaneers,,3.5,38
09/14/2014,Seattle Seahawks,,San Diego Chargers,,-5.5,45
09/14/2014,Houston Texans,,Oakland Raiders,,-3,39
09/14/2014,New York Jets,,Green Bay Packers,,8,46
09/14/2014,Kansas City Chiefs,,Denver Broncos,,12,51.5
09/14/2014,Chicago Bears,,San Francisco 49ers,,7,48
09/15/2014,Philadelphia Eagles,,Indianapolis Colts,,2.5,52.5
09/18/2014,Tampa Bay Buccaneers,,Atlanta Falcons,,,
09/21/2014,San Diego Chargers,,Buffalo Bills,,,
09/21/2014,Dallas Cowboys,,St Louis Rams,,,
09/21/2014,Washington Redskins,,Philadelphia Eagles,,,
09/21/2014,Houston Texans,,New York Giants,,,
09/21/2014,Minnesota Vikings,,New Orleans Saints,,,
09/21/2014,Tennessee Titans,,Cincinnati Bengals,,,
09/21/2014,Baltimore Ravens,,Cleveland Browns,,,
09/21/2014,Green Bay Packers,,Detroit Lions,,,
09/21/2014,Indianapolis Colts,,Jacksonville Jaguars,,,
09/21/2014,Oakland Raiders,,New England Patriots,,,
09/21/2014,San Francisco 49ers,,Arizona Cardinals,,,
09/21/2014,Denver Broncos,,Seattle Seahawks,,,
09/21/2014,Kansas City Chiefs,,Miami Dolphins,,,
09/21/2014,Pittsburgh Steelers,,Carolina Panthers,,,
09/22/2014,Chicago Bears,,New York Jets,,,
09/25/2014,New York Giants,,Washington Redskins,,,
09/28/2014,Miami Dolphins,,Oakland Raiders,,,
09/28/2014,Green Bay Packers,,Chicago Bears,,,
09/28/2014,Buffalo Bills,,Houston Texans,,,
09/28/2014,Tennessee Titans,,Indianapolis Colts,,,
09/28/2014,Carolina Panthers,,Baltimore Ravens,,,
09/28/2014,Detroit Lions,,New York Jets,,,
09/28/2014,Tampa Bay Buccaneers,,Pittsburgh Steelers,,,
09/28/2014,Jacksonville Jaguars,,San Diego Chargers,,,
09/28/2014,Philadelphia Eagles,,San Francisco 49ers,,,
09/28/2014,Atlanta Falcons,,Minnesota Vikings,,,
09/28/2014,New Orleans Saints,,Dallas Cowboys,,,
09/29/2014,New England Patriots,,Kansas City Chiefs,,,
10/02/2014,Minnesota Vikings,,Green Bay Packers,,,
10/05/2014,Chicago Bears,,Carolina Panthers,,,
10/05/2014,Cleveland Browns,,Tennessee Titans,,,
10/05/2014,St Louis Rams,,Philadelphia Eagles,,,
10/05/2014,Atlanta Falcons,,New York Giants,,,
10/05/2014,Tampa Bay Buccaneers,,New Orleans Saints,,,
10/05/2014,Houston Texans,,Dallas Cowboys,,,
10/05/2014,Buffalo Bills,,Detroit Lions,,,
10/05/2014,Baltimore Ravens,,Indianapolis Colts,,,
10/05/2014,Pittsburgh Steelers,,Jacksonville Jaguars,,,
10/05/2014,Arizona Cardinals,,Denver Broncos,,,
10/05/2014,Kansas City Chiefs,,San Francisco 49ers,,,
10/05/2014,New York Jets,,San Diego Chargers,,,
10/05/2014,Cincinnati Bengals,,New England Patriots,,,
10/06/2014,Seattle Seahawks,,Washington Redskins,,,
10/09/2014,Indianapolis Colts,,Houston Texans,,,
10/12/2014,Denver Broncos,,New York Jets,,,
10/12/2014,Pittsburgh Steelers,,Cleveland Browns,,,
10/12/2014,Jacksonville Jaguars,,Tennessee Titans,,,
10/12/2014,Chicago Bears,,Atlanta Falcons,,,
10/12/2014,Green Bay Packers,,Miami Dolphins,,,
10/12/2014,Detroit Lions,,Minnesota Vikings,,,
10/12/2014,Carolina Panthers,,Cincinnati Bengals,,,
10/12/2014,New England Patriots,,Buffalo Bills,,,
10/12/2014,Baltimore Ravens,,Tampa Bay Buccaneers,,,
10/12/2014,San Diego Chargers,,Oakland Raiders,,,
10/12/2014,Dallas Cowboys,,Seattle Seahawks,,,
10/12/2014,Washington Redskins,,Arizona Cardinals,,,
10/12/2014,New York Giants,,Philadelphia Eagles,,,
10/13/2014,San Francisco 49ers,,St Louis Rams,,,
10/16/2014,New York Jets,,New England Patriots,,,
10/19/2014,Cincinnati Bengals,,Indianapolis Colts,,,
10/19/2014,Tennessee Titans,,Washington Redskins,,,
10/19/2014,Miami Dolphins,,Chicago Bears,,,
10/19/2014,Cleveland Browns,,Jacksonville Jaguars,,,
10/19/2014,Seattle Seahawks,,St Louis Rams,,,
10/19/2014,Carolina Panthers,,Green Bay Packers,,,
10/19/2014,Atlanta Falcons,,Baltimore Ravens,,,
10/19/2014,Minnesota Vikings,,Buffalo Bills,,,
10/19/2014,New Orleans Saints,,Detroit Lions,,,
10/19/2014,Kansas City Chiefs,,San Diego Chargers,,,
10/19/2014,New York Giants,,Dallas Cowboys,,,
10/19/2014,Arizona Cardinals,,Oakland Raiders,,,
10/19/2014,San Francisco 49ers,,Denver Broncos,,,
10/20/2014,Houston Texans,,Pittsburgh Steelers,,,
10/23/2014,San Diego Chargers,,Denver Broncos,,,
10/26/2014,Detroit Lions,,Atlanta Falcons,,,
10/26/2014,Minnesota Vikings,,Tampa Bay Buccaneers,,,
10/26/2014,Chicago Bears,,New England Patriots,,,
10/26/2014,St Louis Rams,,Kansas City Chiefs,,,
10/26/2014,Seattle Seahawks,,Carolina Panthers,,,
10/26/2014,Buffalo Bills,,New York Jets,,,
10/26/2014,Miami Dolphins,,Jacksonville Jaguars,,,
10/26/2014,Houston Texans,,Tennessee Titans,,,
10/26/2014,Baltimore Ravens,,Cincinnati Bengals,,,
10/26/2014,Philadelphia Eagles,,Arizona Cardinals,,,
10/26/2014,Indianapolis Colts,,Pittsburgh Steelers,,,
10/26/2014,Oakland Raiders,,Cleveland Browns,,,
10/26/2014,Green Bay Packers,,New Orleans Saints,,,
10/27/2014,Washington Redskins,,Dallas Cowboys,,,
10/30/2014,New Orleans Saints,,Carolina Panthers,,,
11/02/2014,San Diego Chargers,,Miami Dolphins,,,
11/02/2014,Jacksonville Jaguars,,Cincinnati Bengals,,,
11/02/2014,Tampa Bay Buccaneers,,Cleveland Browns,,,
11/02/2014,Washington Redskins,,Minnesota Vikings,,,
11/02/2014,Philadelphia Eagles,,Houston Texans,,,
11/02/2014,New York Jets,,Kansas City Chiefs,,,
11/02/2014,Arizona Cardinals,,Dallas Cowboys,,,
11/02/2014,St Louis Rams,,San Francisco 49ers,,,
11/02/2014,Denver Broncos,,New England Patriots,,,
11/02/2014,Oakland Raiders,,Seattle Seahawks,,,
11/02/2014,Baltimore Ravens,,Pittsburgh Steelers,,,
11/03/2014,Indianapolis Colts,,New York Giants,,,
11/06/2014,Cleveland Browns,,Cincinnati Bengals,,,
11/09/2014,Dallas Cowboys,,Jacksonville Jaguars,,,
11/09/2014,Tennessee Titans,,Baltimore Ravens,,,
11/09/2014,Kansas City Chiefs,,Buffalo Bills,,,
11/09/2014,Miami Dolphins,,Detroit Lions,,,
11/09/2014,San Francisco 49ers,,New Orleans Saints,,,
11/09/2014,Pittsburgh Steelers,,New York Jets,,,
11/09/2014,Atlanta Falcons,,Tampa Bay Buccaneers,,,
11/09/2014,Denver Broncos,,Oakland Raiders,,,
11/09/2014,St Louis Rams,,Arizona Cardinals,,,
11/09/2014,New York Giants,,Seattle Seahawks,,,
11/09/2014,Chicago Bears,,Green Bay Packers,,,
11/10/2014,Carolina Panthers,,Philadelphia Eagles,,,
11/13/2014,Buffalo Bills,,Miami Dolphins,,,
11/16/2014,Atlanta Falcons,,Carolina Panthers,,,
11/16/2014,Minnesota Vikings,,Chicago Bears,,,
11/16/2014,Houston Texans,,Cleveland Browns,,,
11/16/2014,Philadelphia Eagles,,Green Bay Packers,,,
11/16/2014,Seattle Seahawks,,Kansas City Chiefs,,,
11/16/2014,Cincinnati Bengals,,New Orleans Saints,,,
11/16/2014,San Francisco 49ers,,New York Giants,,,
11/16/2014,Denver Broncos,,St Louis Rams,,,
11/16/2014,Tampa Bay Buccaneers,,Washington Redskins,,,
11/16/2014,Oakland Raiders,,San Diego Chargers,,,
11/16/2014,Detroit Lions,,Arizona Cardinals,,,
11/16/2014,New England Patriots,,Indianapolis Colts,,,
11/17/2014,Pittsburgh Steelers,,Tennessee Titans,,,
11/20/2014,Kansas City Chiefs,,Oakland Raiders,,,
11/23/2014,Cleveland Browns,,Atlanta Falcons,,,
11/23/2014,New York Jets,,Buffalo Bills,,,
11/23/2014,Tampa Bay Buccaneers,,Chicago Bears,,,
11/23/2014,Cincinnati Bengals,,Houston Texans,,,
11/23/2014,Jacksonville Jaguars,,Indianapolis Colts,,,
11/23/2014,Green Bay Packers,,Minnesota Vikings,,,
11/23/2014,Detroit Lions,,New England Patriots,,,
11/23/2014,Tennessee Titans,,Philadelphia Eagles,,,
11/23/2014,St Louis Rams,,San Diego Chargers,,,
11/23/2014,Arizona Cardinals,,Seattle Seahawks,,,
11/23/2014,Miami Dolphins,,Denver Broncos,,,
11/23/2014,Washington Redskins,,San Francisco 49ers,,,
11/23/2014,Dallas Cowboys,,New York Giants,,,
11/24/2014,Baltimore Ravens,,New Orleans Saints,,,
11/27/2014,Chicago Bears,,Detroit Lions,,,
11/27/2014,Philadelphia Eagles,,Dallas Cowboys,,,
11/27/2014,Seattle Seahawks,,San Francisco 49ers,,,
11/30/2014,San Diego Chargers,,Baltimore Ravens,,,
11/30/2014,Cleveland Browns,,Buffalo Bills,,,
11/30/2014,Tennessee Titans,,Houston Texans,,,
11/30/2014,Washington Redskins,,Indianapolis Colts,,,
11/30/2014,New York Giants,,Jacksonville Jaguars,,,
11/30/2014,Carolina Panthers,,Minnesota Vikings,,,
11/30/2014,New Orleans Saints,,Pittsburgh Steelers,,,
11/30/2014,Oakland Raiders,,St Louis Rams,,,
11/30/2014,Cincinnati Bengals,,Tampa Bay Buccaneers,,,
11/30/2014,Arizona Cardinals,,Atlanta Falcons,,,
11/30/2014,New England Patriots,,Green Bay Packers,,,
11/30/2014,Denver Broncos,,Kansas City Chiefs,,,
12/01/2014,Miami Dolphins,,New York Jets,,,
12/04/2014,Dallas Cowboys,,Chicago Bears,,,
12/07/2014,Pittsburgh Steelers,,Cincinnati Bengals,,,
12/07/2014,Indianapolis Colts,,Cleveland Browns,,,
12/07/2014,Tampa Bay Buccaneers,,Detroit Lions,,,
12/07/2014,Houston Texans,,Jacksonville Jaguars,,,
12/07/2014,Baltimore Ravens,,Miami Dolphins,,,
12/07/2014,New York Jets,,Minnesota Vikings,,,
12/07/2014,Carolina Panthers,,New Orleans Saints,,,
12/07/2014,New York Giants,,Tennessee Titans,,,
12/07/2014,St Louis Rams,,Washington Redskins,,,
12/07/2014,Kansas City Chiefs,,Arizona Cardinals,,,
12/07/2014,Buffalo Bills,,Denver Broncos,,,
12/07/2014,San Francisco 49ers,,Oakland Raiders,,,
12/07/2014,Seattle Seahawks,,Philadelphia Eagles,,,
12/07/2014,New England Patriots,,San Diego Chargers,,,
12/08/2014,Atlanta Falcons,,Green Bay Packers,,,
12/11/2014,Arizona Cardinals,,St Louis Rams,,,
12/14/2014,Pittsburgh Steelers,,Atlanta Falcons,,,
12/14/2014,Jacksonville Jaguars,,Baltimore Ravens,,,
12/14/2014,Green Bay Packers,,Buffalo Bills,,,
12/14/2014,Tampa Bay Buccaneers,,Carolina Panthers,,,
12/14/2014,Cincinnati Bengals,,Cleveland Browns,,,
12/14/2014,Minnesota Vikings,,Detroit Lions,,,
12/14/2014,Houston Texans,,Indianapolis Colts,,,
12/14/2014,Oakland Raiders,,Kansas City Chiefs,,,
12/14/2014,Miami Dolphins,,New England Patriots,,,
12/14/2014,Washington Redskins,,New York Giants,,,
12/14/2014,Denver Broncos,,San Diego Chargers,,,
12/14/2014,New York Jets,,Tennessee Titans,,,
12/14/2014,San Francisco 49ers,,Seattle Seahawks,,,
12/14/2014,Dallas Cowboys,,Philadelphia Eagles,,,
12/15/2014,New Orleans Saints,,Chicago Bears,,,
12/18/2014,Tennessee Titans,,Jacksonville Jaguars,,,
12/20/2014,San Diego Chargers,,San Francisco 49ers,,,
12/20/2014,Philadelphia Eagles,,Washington Redskins,,,
12/21/2014,Cleveland Browns,,Carolina Panthers,,,
12/21/2014,Detroit Lions,,Chicago Bears,,,
12/21/2014,Baltimore Ravens,,Houston Texans,,,
12/21/2014,Minnesota Vikings,,Miami Dolphins,,,
12/21/2014,Atlanta Falcons,,New Orleans Saints,,,
12/21/2014,New England Patriots,,New York Jets,,,
12/21/2014,Kansas City Chiefs,,Pittsburgh Steelers,,,
12/21/2014,Green Bay Packers,,Tampa Bay Buccaneers,,,
12/21/2014,New York Giants,,St Louis Rams,,,
12/21/2014,Indianapolis Colts,,Dallas Cowboys,,,
12/21/2014,Buffalo Bills,,Oakland Raiders,,,
12/21/2014,Seattle Seahawks,,Arizona Cardinals,,,
12/22/2014,Denver Broncos,,Cincinnati Bengals,,,
12/28/2014,Carolina Panthers,,Atlanta Falcons,,,
12/28/2014,Cleveland Browns,,Baltimore Ravens,,,
12/28/2014,Detroit Lions,,Green Bay Packers,,,
12/28/2014,Jacksonville Jaguars,,Houston Texans,,,
12/28/2014,San Diego Chargers,,Kansas City Chiefs,,,
12/28/2014,New York Jets,,Miami Dolphins,,,
12/28/2014,Chicago Bears,,Minnesota Vikings,,,
12/28/2014,Buffalo Bills,,New England Patriots,,,
12/28/2014,Philadelphia Eagles,,New York Giants,,,
12/28/2014,Cincinnati Bengals,,Pittsburgh Steelers,,,
12/28/2014,New Orleans Saints,,Tampa Bay Buccaneers,,,
12/28/2014,Indianapolis Colts,,Tennessee Titans,,,
12/28/2014,Dallas Cowboys,,Washington Redskins,,,
12/28/2014,St Louis Rams,,Seattle Seahawks,,,
12/28/2014,Oakland Raiders,,Denver Broncos,,,
12/28/2014,Arizona Cardinals,,San Francisco 49ers,,,
